"cohort","module","week","n","median_disease_offset","median_post_offset","p_post_vs_NL","n_with_fraction","median_residual_fraction","fdr_post_vs_NL"
"GSE11903_etanercept_bulk","IFN_G",0,15,1.76129661207667,1.76129661207667,0.000726513880057844,15,1,0.00181628470014461
"GSE11903_etanercept_bulk","IFN_G",1,15,1.76129661207667,1.98320507459339,0.000726513880057844,15,1.23116126033408,0.00181628470014461
"GSE11903_etanercept_bulk","IFN_G",2,15,1.76129661207667,1.45256037166274,0.00109162812494223,15,0.84924957307928,0.00227422526029632
"GSE11903_etanercept_bulk","IFN_G",4,14,1.74251588272553,1.97364859334781,0.00169627235997649,14,1.05345980581562,0.00326206223072402
"GSE11903_etanercept_bulk","IFN_G",12,15,1.76129661207667,0.351801584890117,0.201279706355701,15,0.143112678120443,0.239618698042501
"GSE11903_etanercept_bulk","IFN_I",0,15,2.93702928418575,2.93702928418575,0.000726513880057844,15,1,0.00181628470014461
"GSE11903_etanercept_bulk","IFN_I",1,15,2.93702928418575,2.56697909476119,0.000726513880057844,15,1.00021361846086,0.00181628470014461
"GSE11903_etanercept_bulk","IFN_I",2,15,2.93702928418575,2.4011979910323,0.000726513880057844,15,0.95983566140899,0.00181628470014461
"GSE11903_etanercept_bulk","IFN_I",4,14,2.85412377645796,1.6064960898087,0.00317265532163025,14,0.616568399588389,0.00528775886938374
"GSE11903_etanercept_bulk","IFN_I",12,15,2.93702928418575,0.502852606644972,0.0500579654932534,15,0.154230370334984,0.0736146551371373
"GSE11903_etanercept_bulk","KC_stress",0,15,1.48746554687156,1.48746554687156,0.000726513880057844,15,1,0.00181628470014461
"GSE11903_etanercept_bulk","KC_stress",1,15,1.48746554687156,1.45393594322731,0.000726513880057844,15,0.935054615996323,0.00181628470014461
"GSE11903_etanercept_bulk","KC_stress",2,15,1.48746554687156,1.14235578824469,0.00109162812494223,15,0.819932104599002,0.00227422526029632
"GSE11903_etanercept_bulk","KC_stress",4,14,1.4585789410294,1.01860339011185,0.00574194154874119,14,0.660425904377954,0.00897178366990811
"GSE11903_etanercept_bulk","KC_stress",12,15,1.48746554687156,0.164063889083495,0.181971177723054,15,0.200973354181158,0.234251490002151
"GSE11903_etanercept_bulk","Th2_negctrl",0,15,0.138447543188236,0.138447543188236,0.268066760405714,11,1,0.291376913484472
"GSE11903_etanercept_bulk","Th2_negctrl",1,15,0.138447543188236,-0.0871582255056843,0.378674693023085,11,0.327836826984936,0.39445280523238
"GSE11903_etanercept_bulk","Th2_negctrl",2,15,0.138447543188236,-0.250480536598816,0.222041366726258,11,0.321879127669958,0.252319734916202
"GSE11903_etanercept_bulk","Th2_negctrl",4,14,0.0970141862791675,-0.327011137387848,0.187401192001721,10,0.259141455926381,0.234251490002151
"GSE11903_etanercept_bulk","Th2_negctrl",12,15,0.138447543188236,-0.120473583435425,0.711997145588538,11,0.596329762362913,0.711997145588538
"GSE11903_etanercept_bulk","myeloid_infl",0,15,8.59829165240611,8.59829165240611,0.000726513880057844,15,1,0.00181628470014461
"GSE11903_etanercept_bulk","myeloid_infl",1,15,8.59829165240611,5.18320645386595,0.000726513880057844,15,0.790114598038075,0.00181628470014461
"GSE11903_etanercept_bulk","myeloid_infl",2,15,8.59829165240611,2.97700558702394,0.000726513880057844,15,0.440671786030081,0.00181628470014461
"GSE11903_etanercept_bulk","myeloid_infl",4,14,8.1925993108029,2.37016983458666,0.0025844789476035,14,0.312012150403951,0.00461514097786339
"GSE11903_etanercept_bulk","myeloid_infl",12,15,8.59829165240611,0.169634128251765,0.132298661876269,15,0.0451552582212164,0.183748141494819

