"module","short","visium_module","cosmx_module","n_vis","delta_vis","p_vis","z_vis","n_cos","delta_cos","p_cos","z_cos","z_combined","p_combined","sign_agree","fdr_combined","direction"
"Keratinocyte stress / alarmin (KRT6/16/17, S100A7/8/9, DEFB4A)","KC stress","KC_stress_corr","KC_stress",12,1.1546,0.0364,1.79408251138,7,5.57507559144246,0.0112471356112248,2.28191648776699,2.81086297785535,0.00247044113017736,TRUE,0.00658784301380629,"up in type-1/17 lesional skin"
"Type-I IFN response (ISG15/OAS1/MX1/IFIT*)","IFN type-I","IFN_type1_corr","IFN_response",12,0.1116,0.00404,2.64870846301882,7,0.504190530948003,0.0112471356112248,2.28191648776699,3.49005081353522,0.000241464356318999,TRUE,0.000965857425275995,"up in type-1/17 lesional skin"
"IFN-gamma (CXCL9/10/11, GBP1/5, IDO1)","IFN-gamma","IFN_g_corr","IFN_gamma",12,0.4008,0.00202,2.87502148977928,7,0.150350025291023,0.0112471356112248,2.28191648776699,3.66990616959696,0.000121319758262572,TRUE,0.000965857425275995,"up in type-1/17 lesional skin"
"Myeloid inflammation (S100A8/9, IL1B, CXCL8)","Myeloid infl.","myeloid_corr","myeloid_infl",12,-0.0528,0.264,0.631061979059499,7,2.82443694147517,0.0112471356112248,2.28191648776699,1.88658798166164,0.0296078822538227,FALSE,0.0592157645076454,"up in type-1/17 lesional skin"
"Th2 / AD axis (CCL17/22/26, IL13/IL4R, POSTN) - negative control","Th2 (neg. control)","Th2_corr","Th2",12,-0.1428,0.77,-0.738846849185214,7,-0.153150597966119,0.0112471356112248,2.28191648776699,0.797894840118135,0.212465758985983,TRUE,0.242818010269695,"up in type-1/17 lesional skin"
"Th17 (IL17A/F, IL22, CCL20)","Th17","Th17_corr","Th17",12,1.4419,0.333,0.431644239383956,7,-0.0335408842814247,0.223436410355415,0.760638829255665,0.804726315521187,0.210488815183665,FALSE,0.242818010269695,"up in type-1/17 lesional skin"
"TNF-NFkB (TNF, NFKB1/IA, TNFAIP3, IL6)","TNF-NFkB","TNF_NFkB_corr","TNF_NFkB",12,-0.9024,0.996,-2.6520698079022,7,0.0659575951471096,0.0173052787578537,2.11288563682129,-0.825178424150597,0.795364849573619,FALSE,0.795364849573619,"not up / down"
"Keratinocyte cell cycle (MKI67/TOP2A/CCNB1)","KC cycle","keratin_cyc_corr","keratin_cyc",12,0.2171,0.404,0.243006967409982,7,-0.158566326444904,0.0379634814912788,1.77482393492989,1.27039962448548,0.101971158479998,FALSE,0.163153853567997,"up in type-1/17 lesional skin"

