"cohort","tag","module","n_genes","n_patients","observed","null_median","null_sd","z_vs_null","p_emp_left","p_emp_abs","fdr_emp_left","fdr_emp_abs"
"GSE183047_pseudobulk_by_celltype.rds","keratinocyte","KC_stress",8,10,-1.07812152037937,0.389659331884,0.175887052516267,-8.34501932498767,0,0,0,0
"GSE183047_pseudobulk_by_celltype.rds","keratinocyte","IFN_I",8,10,-0.319722046745823,0.408021289018264,0.222256577678947,-3.2743387996162,0.002,0.681,0.00272727272727273,0.777857142857143
"GSE183047_pseudobulk_by_celltype.rds","keratinocyte","IFN_G",8,10,-0.109977192763025,0.113535222099206,0.146572963954859,-1.52492252889876,0.0035,0.511,0.004375,0.63875
"GSE183047_pseudobulk_by_celltype.rds","keratinocyte","myeloid_infl",8,10,-0.256027902285348,0.244591430599736,0.18680168989358,-2.67995077116425,0.002,0.481,0.00272727272727273,0.63875
"GSE183047_pseudobulk_by_celltype.rds","keratinocyte","Th2_negctrl",8,10,-0.00478213861742494,0.229737176932086,0.178194735118128,-1.31608442524435,0.069,0.985,0.0739285714285714,0.985
"GSE278330_pseudobulk_by_celltype.rds","keratinocyte","KC_stress",8,9,-0.591569416343982,0.243283112510093,0.221034107691705,-3.77703033062443,5e-04,0.061,0.0009375,0.114375
"GSE278330_pseudobulk_by_celltype.rds","keratinocyte","IFN_I",8,9,-1.01435479832353,-0.0519216575881587,0.209664675925967,-4.59034473253476,0,0,0,0
"GSE278330_pseudobulk_by_celltype.rds","keratinocyte","IFN_G",8,9,-0.463087588223762,-0.00958127934264233,0.102134693551279,-4.44027678658895,0.001,0.0015,0.00166666666666667,0.00375
"GSE278330_pseudobulk_by_celltype.rds","keratinocyte","myeloid_infl",8,9,-0.270358397979511,0.0394927821664131,0.143813349603461,-2.15453698144353,0.0065,0.0875,0.0075,0.138
"GSE278330_pseudobulk_by_celltype.rds","keratinocyte","Th2_negctrl",8,9,-0.483909279692717,0.00670859603781044,0.132691467431631,-3.69743349159446,5e-04,0.001,0.0009375,0.003
"GSE228421_IL23_d14","keratinocyte","KC_stress",8,5,-1.04418362527043,0.201174716980969,0.0777548427798517,-16.0164730289199,0,0,0,0
"GSE228421_IL23_d14","keratinocyte","IFN_I",8,5,-0.404319937097518,0.208483445812435,0.0773522369873611,-7.92224513183868,0,0.004,0,0.00857142857142857
"GSE228421_IL23_d14","keratinocyte","IFN_G",8,5,-0.217822792481139,0.123799252515102,0.0701458656650351,-4.87016649887215,0,0.092,0,0.138
"GSE228421_IL23_d14","keratinocyte","myeloid_infl",8,5,-0.443595668469638,0.109628038468982,0.0717004218513531,-7.71576641606857,0,0,0,0
"GSE228421_IL23_d14","keratinocyte","Th2_negctrl",8,5,0.025730432474469,0.0518575102010434,0.0493887614889678,-0.529008562654695,0.287,0.726,0.287,0.777857142857143

