"day","module","n_active","n_placebo","median_drop_active","median_drop_placebo","median_difference","wilcox_p_two_sided","fdr"
"Day14","KC_IL17_IL36",16,9,1.667897125,0.07815525,1.589741875,0.00424979439535433,0.0095896941757681
"Day14","KC_IL17_response_no_keratins",16,9,1.90280828125,0.161181624999999,1.74162665625,0.00603687370754913,0.0095896941757681
"Day14","keratinocyte_activation",16,9,1.453571,-0.026893750000001,1.48046475,0.000755717688836199,0.0052900238218534
"Day14","keratinocyte_identity_clean",16,9,-0.1075818,0.0357450999999998,-0.1433269,0.0578855014420181,0.0675330850156878
"Day14","KC_differentiation",16,9,0.00757785714285841,0.0435085714285712,-0.0359307142857128,0.0387901988102906,0.0493693439403699
"Day14","IFN_response",16,9,2.09029628125,-0.0621926249999998,2.15248890625,5.1681335454079e-05,0.000723538696357107
"Day14","myeloid_inflammatory",16,9,0.948226218749999,0.2798306875,0.66839553125,0.00716325150347363,0.0100285521048631
"Day28","KC_IL17_IL36",12,8,2.915432625,0.131459875,2.78397275,0.00486201975089329,0.0095896941757681
"Day28","KC_IL17_response_no_keratins",12,8,3.29957084375,0.1068973125,3.19267353125,0.00486201975089329,0.0095896941757681
"Day28","keratinocyte_activation",12,8,2.134883125,0.231801249999999,1.903081875,0.00616480339870806,0.0095896941757681
"Day28","keratinocyte_identity_clean",12,8,-0.102439299999999,0.0536767000000005,-0.156116,0.176966489832406,0.190579296742591
"Day28","KC_differentiation",12,8,-0.0367535000000005,-0.00422785714285734,-0.0325256428571432,1,1
"Day28","IFN_response",12,8,2.36778740625,0.10498840625,2.262799,0.001365743852761,0.00637347131288468
"Day28","myeloid_inflammatory",12,8,1.67853196875,0.55845190625,1.1200800625,0.00616480339870806,0.0095896941757681

