Context	Module	Genes
Spatial	KC_stress	KRT6A; KRT16; KRT17; KRT6B; S100A7; S100A8; S100A9; DEFB4A; PI3
Spatial	KC_basal	KRT14; KRT5; KRT15; COL17A1; TP63
Spatial	KC_supra	KRT10; KRT1; KRT2; FLG; LOR; KRTDAP
Spatial	Barrier	FLG; LOR; SPINK5; CDSN; DSG1; KRTDAP
Spatial	Fibroblast	COL1A1; COL1A2; COL3A1; DCN; LUM; PDGFRA
Spatial	Endothelial	PECAM1; VWF; CDH5; CLDN5
Spatial	Tcell	CD3D; CD3E; CD2; IL7R; CCL5; TRBC2
Spatial	Myeloid	LYZ; CD68; ITGAX; FCGR3A; IL1B; AIF1
Spatial	IFN_gamma	CXCL9; CXCL10; CXCL11; GBP1; GBP5; IDO1; STAT1; HLA-DRA
Spatial	IFN_type_I	OAS1; MX1; ISG15; IFIT1; IFIT3; STAT2
Spatial	Th2_control	CCL17; CCL18; CCL22; CCL26; IL13; IL4R; GATA3; POSTN; TSLP
Spatial	Th17	IL17A; IL17F; IL22; CCL20; IL36G; DEFB4A; IL23A; PI3
Spatial	TNF_NFkB	TNF; NFKB1; NFKBIA; TNFAIP3; IL6; CXCL8; SOCS3; CCL2
Spatial	Keratinocyte_cycle	MKI67; TOP2A; CCNB1; CDC20; UBE2C; CENPF
Treatment	KC_IL17_IL36	KRT16; KRT17; KRT6A; KRT6B; S100A7; S100A8; S100A9; DEFB4A; IL36G; CCL20; SERPINB3; SERPINB4
Treatment	KC_differentiation	FLG; LOR; IVL; KRT1; KRT10; KRT2; KRT3
Treatment	T17_like	CCR6; RORA; KLRB1; IL7R; IL23R; IL32; CD3D; TRBC1
Treatment	T_resident	CD69; ITGAE; CXCR6; CD3D; TRBC1; IL7R
Treatment	IFN_response	ISG15; IFIT1; IFIT3; IFITM1; MX1; OAS1; OASL; STAT1
Treatment	Myeloid_inflammatory	S100A8; S100A9; IL1B; CXCL8; TNF; FCGR3A; NLRP3; CTSD
Treatment	APC_DC	HLA-DRA; HLA-DPA1; HLA-DPB1; CD74; FCER1A; CD1C; CLEC10A
Treatment	Fibroblast_inflammatory	CCL19; CCL13; CXCL14; CXCL12; FAP; C7; IL6; COL3A1

