"week","module","n_responder","n_nonresponder","median_drop_responder","median_drop_nonresponder","p","median_baseline_gap","median_residual","fdr"
1,"IFN_response",11,4,-0.150413612687501,0.4584040994375,0.0779787345010902,2.8927949881875,2.594199488625,0.198491324184593
1,"KC_differentiation",11,4,0.0265321611428568,0.224485790071428,0.214863232775616,-0.0281518601428576,-0.0898933522857153,0.401078034514483
1,"KC_IL17_IL36",11,4,0.243160368708335,0.240540342604167,0.947951765922414,3.27236260220833,2.965040120625,1
1,"KC_IL17_response_no_keratins",11,4,0.256360653250001,0.20965592703125,0.947951765922414,3.5932112089375,3.3928286216875,1
1,"keratinocyte_activation",11,4,0.266706117500002,0.417374571250001,1,2.5098632225,2.2616613475,1
1,"keratinocyte_identity_clean",11,4,0.1264600674,-0.1339716743,0.267108901252113,-0.494907356200001,-0.5071330882,0.467440577191198
1,"myeloid_inflammatory",11,4,0.741354520687501,0.2420387639375,0.214863232775616,1.9765673391875,1.414429366625,0.401078034514483
2,"IFN_response",11,4,0.0815765271249997,0.450689969343751,0.844737464864518,2.8927949881875,2.2323926816875,1
2,"KC_differentiation",11,4,-0.199890108285715,0.0389228439285718,0.102684115643635,-0.0281518601428576,0.0705906965714274,0.239596269835147
2,"KC_IL17_IL36",11,4,0.519677176166665,0.488926921083334,0.647704219262226,3.27236260220833,3.088488613875,0.906785906967116
2,"KC_IL17_response_no_keratins",11,4,0.3687650028125,0.214628080843751,0.844737464864518,3.5932112089375,3.3776110139375,1
2,"keratinocyte_activation",11,4,0.819294703750002,0.378518873750001,0.396088002667696,2.5098632225,1.879133640375,0.616136893038638
2,"keratinocyte_identity_clean",11,4,-0.0973762499999999,-0.1208787389,0.947951765922414,-0.494907356200001,-0.57133514,1
2,"myeloid_inflammatory",11,4,0.8268675031875,0.3974251304375,0.0779787345010903,1.9765673391875,0.928648547437501,0.198491324184593
4,"IFN_response",10,4,1.51524870159375,0.35486219046875,0.137563893909903,2.84757419484375,1.49200224440625,0.296291463805946
4,"KC_differentiation",10,4,-0.0885372167857144,0.160233236857144,0.0770998717435418,-0.019641398500001,0.0861117003571428,0.198491324184593
4,"KC_IL17_IL36",10,4,2.10135702589583,-0.136801961229167,0.0133283287808175,3.64453058114583,2.52327576558333,0.104189691824119
4,"KC_IL17_response_no_keratins",10,4,1.74812323365625,-0.152670213718751,0.0088889699439143,4.047241114625,2.8639224226875,0.104189691824119
4,"keratinocyte_activation",10,4,1.8365895975,0.0896171949999998,0.0196244149766398,2.420151061875,1.507663660625,0.104189691824119
4,"keratinocyte_identity_clean",10,4,-0.207731770600001,-0.1633697525,0.832004028572637,-0.5159832734,-0.313277720399999,1
4,"myeloid_inflammatory",10,4,0.8788436341875,0.2451542349375,0.0562378038772759,1.687238567875,0.8638717123125,0.196832313570466
12,"IFN_response",11,4,2.748329843375,1.16049503709375,0.327487682271416,2.8927949881875,0.419206424125,0.539391476682332
12,"KC_differentiation",11,4,-0.113518420571429,-0.284305177428572,0.55685983386964,-0.0281518601428576,0.126705992571427,0.820635544649996
12,"KC_IL17_IL36",11,4,3.58056218758333,0.734287721104167,0.0223263625337398,3.27236260220833,0.828167758208334,0.104189691824119
12,"KC_IL17_response_no_keratins",11,4,3.8701826878125,0.68982371790625,0.0223263625337398,3.5932112089375,1.0145860564375,0.104189691824119
12,"keratinocyte_activation",11,4,2.70703555,0.954938574500001,0.0157210681477968,2.5098632225,0.0430596997499997,0.104189691824119
12,"keratinocyte_identity_clean",11,4,-0.399185536799999,-0.321442830300001,1,-0.494907356200001,-0.1337058432,1
12,"myeloid_inflammatory",11,4,1.4706104725,0.58107179659375,0.0312236292033212,1.9765673391875,0.3752732820625,0.124894516813285

