"tag","module","n_arms","n_patients","n_same_sign","median_of_medians","Z","p_one_sided","fdr"
"keratinocyte","KC_stress","3","18","3","-1.47010477341205","2.85100598270655","0.00217905747340342","0.00337088682730315"
"bulk","KC_stress","2","60","2","-0.0773815043995978","3.24100719769269","0.000595540882308874","0.00148885220577218"
"keratinocyte","IFN_I","3","18","3","-0.889526678493152","3.47035673114739","0.00025988377306573","0.00128368502395664"
"bulk","IFN_I","2","60","1","-0.0486819182522149","0.0562878004809654","0.477556268616657","0.477556268616657"
"keratinocyte","IFN_G","3","18","3","-0.676612930960375","3.44035794888635","0.000290472651912055","0.00128368502395664"
"bulk","IFN_G","2","60","2","-0.284557166070575","3.36328393527555","0.000385105507186991","0.00128368502395664"
"keratinocyte","myeloid_infl","3","18","3","-0.80591599526359","2.82559823029361","0.00235962077911221","0.00337088682730315"
"bulk","myeloid_infl","2","60","2","-0.377915470924167","2.94484518711798","0.00161558146572962","0.00323116293145925"
"keratinocyte","Th2_negctrl","3","18","2","-0.198576677198953","1.33508049703795","0.0909250009320685","0.101027778813409"
"bulk","Th2_negctrl","2","60","1","-0.0430565005488125","1.8756137947248","0.0303541654004901","0.0379427067506126"

